[
    {
        "address_name": "경기 성남시 분당구 백현동 537",
        "category_group_code": "CS2",
        "category_group_name": "편의점",
        "category_name": "가정,생활 > 편의점 > 이마트24",
        "distance": "2",
        "id": "1306112074",
        "phone": "031-622-7176",
        "place_name": "이마트24 R판교알파돔2호점",
        "place_url": "http://place.map.kakao.com/1306112074",
        "road_address_name": "경기 성남시 분당구 판교역로 152",
        "x": "127.110346616745",
        "y": "37.394204373845"
    },
    {
        "address_name": "경기 성남시 분당구 백현동 132-189",
        "category_group_code": "CS2",
        "category_group_name": "편의점",
        "category_name": "가정,생활 > 편의점 > GS25",
        "distance": "74",
        "id": "16486797",
        "phone": "031-707-6410",
        "place_name": "GS25 S판교역점",
        "place_url": "http://place.map.kakao.com/16486797",
        "road_address_name": "경기 성남시 분당구 판교역로 지하 160",
        "x": "127.11079919194681",
        "y": "37.39478420869054"
    },
    {
        "address_name": "경기 성남시 분당구 백현동 530",
        "category_group_code": "CS2",
        "category_group_name": "편의점",
        "category_name": "가정,생활 > 편의점 > 세븐일레븐",
        "distance": "101",
        "id": "1003710555",
        "phone": "",
        "place_name": "세븐일레븐 판교알파본점",
        "place_url": "http://place.map.kakao.com/1003710555",
        "road_address_name": "경기 성남시 분당구 판교역로 145",
        "x": "127.109194827252",
        "y": "37.3942739207134"
    },
    {
        "address_name": "경기 성남시 분당구 백현동 535",
        "category_group_code": "CS2",
        "category_group_name": "편의점",
        "category_name": "가정,생활 > 편의점 > 이마트24",
        "distance": "158",
        "id": "327879494",
        "phone": "",
        "place_name": "이마트24 R판교알파돔",
        "place_url": "http://place.map.kakao.com/327879494",
        "road_address_name": "경기 성남시 분당구 분당내곡로 117",
        "x": "127.112130909636",
        "y": "37.394199091245"
    },
    {
        "address_name": "경기 성남시 분당구 백현동 531",
        "category_group_code": "CS2",
        "category_group_name": "편의점",
        "category_name": "가정,생활 > 편의점 > 세븐일레븐",
        "distance": "216",
        "id": "1824252087",
        "phone": "",
        "place_name": "세븐일레븐 판교알파점",
        "place_url": "http://place.map.kakao.com/1824252087",
        "road_address_name": "경기 성남시 분당구 대왕판교로606번길 10",
        "x": "127.10903452806154",
        "y": "37.395876085264874"
    },
    {
        "address_name": "경기 성남시 분당구 삼평동 646",
        "category_group_code": "CS2",
        "category_group_name": "편의점",
        "category_name": "가정,생활 > 편의점",
        "distance": "253",
        "id": "18830408",
        "phone": "031-8017-2851",
        "place_name": "원스토어편의점",
        "place_url": "http://place.map.kakao.com/18830408",
        "road_address_name": "경기 성남시 분당구 판교역로 178",
        "x": "127.110042792158",
        "y": "37.396493252041"
    },
    {
        "address_name": "경기 성남시 분당구 삼평동 651",
        "category_group_code": "CS2",
        "category_group_name": "편의점",
        "category_name": "가정,생활 > 편의점",
        "distance": "266",
        "id": "21610813",
        "phone": "031-8017-0662",
        "place_name": "원타임 해피판교역점",
        "place_url": "http://place.map.kakao.com/21610813",
        "road_address_name": "경기 성남시 분당구 대왕판교로606번길 39",
        "x": "127.11150407155293",
        "y": "37.396436019780545"
    },
    {
        "address_name": "경기 성남시 분당구 삼평동 647",
        "category_group_code": "CS2",
        "category_group_name": "편의점",
        "category_name": "가정,생활 > 편의점 > CU",
        "distance": "274",
        "id": "19729729",
        "phone": "031-8017-6771",
        "place_name": "CU 판교역점",
        "place_url": "http://place.map.kakao.com/19729729",
        "road_address_name": "경기 성남시 분당구 대왕판교로606번길 31",
        "x": "127.11096907172671",
        "y": "37.396643758006725"
    },
    {
        "address_name": "경기 성남시 분당구 삼평동 741",
        "category_group_code": "CS2",
        "category_group_name": "편의점",
        "category_name": "가정,생활 > 편의점 > CU",
        "distance": "274",
        "id": "26776001",
        "phone": "031-702-0135",
        "place_name": "CU 판교월드마크점",
        "place_url": "http://place.map.kakao.com/26776001",
        "road_address_name": "경기 성남시 분당구 대왕판교로606번길 58",
        "x": "127.11329416621403",
        "y": "37.394998089782916"
    },
    {
        "address_name": "경기 성남시 분당구 삼평동 643",
        "category_group_code": "CS2",
        "category_group_name": "편의점",
        "category_name": "가정,생활 > 편의점 > 이마트24",
        "distance": "327",
        "id": "1970035485",
        "phone": "070-8801-5864",
        "place_name": "이마트24 판교역점",
        "place_url": "http://place.map.kakao.com/1970035485",
        "road_address_name": "경기 성남시 분당구 판교역로 184",
        "x": "127.11013412793073",
        "y": "37.39716893309608"
    },
    {
        "address_name": "경기 성남시 분당구 백현동 529",
        "category_group_code": "CS2",
        "category_group_name": "편의점",
        "category_name": "가정,생활 > 편의점 > GS25",
        "distance": "358",
        "id": "27498673",
        "phone": "",
        "place_name": "GS25 판교허브점",
        "place_url": "http://place.map.kakao.com/27498673",
        "road_address_name": "경기 성남시 분당구 판교역로 109",
        "x": "127.109027707855",
        "y": "37.3911673507558"
    },
    {
        "address_name": "경기 성남시 분당구 백현동 529",
        "category_group_code": "CS2",
        "category_group_name": "편의점",
        "category_name": "가정,생활 > 편의점 > CU",
        "distance": "358",
        "id": "26776000",
        "phone": "031-708-4755",
        "place_name": "CU 판교SK허브점",
        "place_url": "http://place.map.kakao.com/26776000",
        "road_address_name": "경기 성남시 분당구 판교역로 109",
        "x": "127.109027707855",
        "y": "37.3911673507558"
    },
    {
        "address_name": "경기 성남시 분당구 삼평동 661",
        "category_group_code": "CS2",
        "category_group_name": "편의점",
        "category_name": "가정,생활 > 편의점 > GS25",
        "distance": "360",
        "id": "2137856685",
        "phone": "1644-5425",
        "place_name": "GS25 판교예미지점",
        "place_url": "http://place.map.kakao.com/2137856685",
        "road_address_name": "경기 성남시 분당구 판교역로192번길 14-1",
        "x": "127.11173796948",
        "y": "37.3972809570947"
    },
    {
        "address_name": "경기 성남시 분당구 삼평동 655",
        "category_group_code": "CS2",
        "category_group_name": "편의점",
        "category_name": "가정,생활 > 편의점 > 이마트24",
        "distance": "361",
        "id": "2141413165",
        "phone": "031-708-8334",
        "place_name": "이마트24 판교SG점",
        "place_url": "http://place.map.kakao.com/2141413165",
        "road_address_name": "경기 성남시 분당구 대왕판교로606번길 47",
        "x": "127.1123881246",
        "y": "37.3970460753739"
    },
    {
        "address_name": "경기 성남시 분당구 삼평동 662",
        "category_group_code": "CS2",
        "category_group_name": "편의점",
        "category_name": "가정,생활 > 편의점 > GS25",
        "distance": "407",
        "id": "979082513",
        "phone": "031-781-6910",
        "place_name": "GS25 판교타워점",
        "place_url": "http://place.map.kakao.com/979082513",
        "road_address_name": "경기 성남시 분당구 판교역로192번길 16",
        "x": "127.11141235322867",
        "y": "37.39779845058796"
    }
]
